classe	url
S1	https://proseconsult.umontpellier.fr/direct/?data=5ac561a2326f3677ab1a9118f59438fd4f51f7d91eb3648604d628113e82760dbed8d89011b8db3f565a6eba3fb421d313f6c63370d69630c73e5d47e7b4caa205b671755e2e313accf1c0ae7bea9fe2ffaaa69cbd14fea5a6d0111bfaa17a823cc1c3b4302fc5dd2762be0aa3a53986aa46015363b2752612a410752d15eaafd211eeb7936734e0cd7fd38213cedc0eec845302a004ead06829e11b88069c0470ffb5ed45df960ede2292b82b30eb713a7b092b59fcc7d919618ea8345ebec9,1
S2	https://proseconsult.umontpellier.fr/direct/?data=5ac561a2326f3677ab1a9118f59438fd4f51f7d91eb3648604d628113e82760dbed8d89011b8db3f565a6eba3fb421d313f6c63370d69630c73e5d47e7b4caa205b671755e2e313accf1c0ae7bea9fe2ffaaa69cbd14fea5a6d0111bfaa17a823cc1c3b4302fc5dd2762be0aa3a53986aa46015363b2752612a410752d15eaafd211eeb7936734e0cd7fd38213cedc0eec845302a004ead06829e11b88069c0470ffb5ed45df960ede2292b82b30eb71e720d5b166096e5fa9cb278cb87f3790,1
S3	https://proseconsult.umontpellier.fr/direct/?data=5ac561a2326f3677ab1a9118f59438fd4f51f7d91eb3648604d628113e82760dbed8d89011b8db3f565a6eba3fb421d313f6c63370d69630c73e5d47e7b4caa205b671755e2e313accf1c0ae7bea9fe2ffaaa69cbd14fea5a6d0111bfaa17a823cc1c3b4302fc5dd2762be0aa3a53986aa46015363b2752612a410752d15eaafd211eeb7936734e0cd7fd38213cedc0eec845302a004ead06829e11b88069c0470ffb5ed45df960ede2292b82b30eb71f256ad403413a46d05e3c82b9f13a4c1,1
S4	https://proseconsult.umontpellier.fr/direct/?data=5ac561a2326f3677ab1a9118f59438fd4f51f7d91eb3648604d628113e82760dbed8d89011b8db3f565a6eba3fb421d313f6c63370d69630c73e5d47e7b4caa205b671755e2e313accf1c0ae7bea9fe2ffaaa69cbd14fea5a6d0111bfaa17a823cc1c3b4302fc5dd2762be0aa3a53986aa46015363b2752612a410752d15eaafd211eeb7936734e0cd7fd38213cedc0eec845302a004ead06829e11b88069c0470ffb5ed45df960ede2292b82b30eb717f8580ccd656ca54b7f639d133b4cb23,1
S5	https://proseconsult.umontpellier.fr/direct/?data=5ac561a2326f3677ab1a9118f59438fd4f51f7d91eb3648604d628113e82760dbed8d89011b8db3f565a6eba3fb421d313f6c63370d69630c73e5d47e7b4caa205b671755e2e313accf1c0ae7bea9fe2ffaaa69cbd14fea5a6d0111bfaa17a823cc1c3b4302fc5dd2762be0aa3a53986aa46015363b2752612a410752d15eaafd211eeb7936734e0cd7fd38213cedc0eec845302a004ead06829e11b88069c0470ffb5ed45df960ede2292b82b30eb71a2604c88b8b8e2594d344c13b63880fc,1
S6	https://proseconsult.umontpellier.fr/direct/?data=5ac561a2326f3677ab1a9118f59438fd4f51f7d91eb3648604d628113e82760dbed8d89011b8db3f565a6eba3fb421d313f6c63370d69630c73e5d47e7b4caa205b671755e2e313accf1c0ae7bea9fe2ffaaa69cbd14fea5a6d0111bfaa17a823cc1c3b4302fc5dd2762be0aa3a53986aa46015363b2752612a410752d15eaafd211eeb7936734e0cd7fd38213cedc0eec845302a004ead06829e11b88069c0470ffb5ed45df960ede2292b82b30eb71d61dfd7089fcb7a6669d4922d7050a2e,1
Q1	https://proseconsult.umontpellier.fr/direct/?data=5ac561a2326f3677ab1a9118f59438fd4f51f7d91eb3648604d628113e82760dbed8d89011b8db3f565a6eba3fb421d313f6c63370d69630c73e5d47e7b4caa205b671755e2e313accf1c0ae7bea9fe2ffaaa69cbd14fea5a6d0111bfaa17a823cc1c3b4302fc5dd2762be0aa3a53986aa46015363b2752612a410752d15eaafd211eeb7936734e0cd7fd38213cedc0eec845302a004ead06829e11b88069c0470ffb5ed45df960ede2292b82b30eb71c0506e630dbcb8fb80d7e71c9363e82a,1
Q2	https://proseconsult.umontpellier.fr/direct/?data=5ac561a2326f3677ab1a9118f59438fd4f51f7d91eb3648604d628113e82760dbed8d89011b8db3f565a6eba3fb421d313f6c63370d69630c73e5d47e7b4caa205b671755e2e313accf1c0ae7bea9fe2ffaaa69cbd14fea5a6d0111bfaa17a823cc1c3b4302fc5dd2762be0aa3a53986aa46015363b2752612a410752d15eaafd211eeb7936734e0cd7fd38213cedc0eec845302a004ead06829e11b88069c0470ffb5ed45df960ede2292b82b30eb71c0506e630dbcb8fb80d7e71c9363e82a,1
Q3	https://proseconsult.umontpellier.fr/direct/?data=5ac561a2326f3677ab1a9118f59438fd4f51f7d91eb3648604d628113e82760dbed8d89011b8db3f565a6eba3fb421d313f6c63370d69630c73e5d47e7b4caa205b671755e2e313accf1c0ae7bea9fe2ffaaa69cbd14fea5a6d0111bfaa17a823cc1c3b4302fc5dd2762be0aa3a53986aa46015363b2752612a410752d15eaafd211eeb7936734e0cd7fd38213cedc0eec845302a004ead06829e11b88069c0470ffb5ed45df960ede2292b82b30eb71f50afa9178352f65c1b9836db65cfb10,1
Q4	https://proseconsult.umontpellier.fr/direct/?data=5ac561a2326f3677ab1a9118f59438fd4f51f7d91eb3648604d628113e82760dbed8d89011b8db3f565a6eba3fb421d313f6c63370d69630c73e5d47e7b4caa205b671755e2e313accf1c0ae7bea9fe2ffaaa69cbd14fea5a6d0111bfaa17a823cc1c3b4302fc5dd2762be0aa3a53986aa46015363b2752612a410752d15eaafd211eeb7936734e0cd7fd38213cedc0eec845302a004ead06829e11b88069c0470ffb5ed45df960ede2292b82b30eb7178ee46abab18fc0646bf14e3e60c6743,1
Q5	https://proseconsult.umontpellier.fr/direct/?data=5ac561a2326f3677ab1a9118f59438fd4f51f7d91eb3648604d628113e82760dbed8d89011b8db3f565a6eba3fb421d313f6c63370d69630c73e5d47e7b4caa205b671755e2e313accf1c0ae7bea9fe2ffaaa69cbd14fea5a6d0111bfaa17a823cc1c3b4302fc5dd2762be0aa3a53986aa46015363b2752612a410752d15eaafd211eeb7936734e0cd7fd38213cedc0eec845302a004ead06829e11b88069c0470ffb5ed45df960ede2292b82b30eb71ffe022f441a6b208e31c2d18100a6b53,1
G1	https://proseconsult.umontpellier.fr/direct/?data=5ac561a2326f3677ab1a9118f59438fd4f51f7d91eb3648604d628113e82760dbed8d89011b8db3f565a6eba3fb421d313f6c63370d69630c73e5d47e7b4caa205b671755e2e313accf1c0ae7bea9fe2ffaaa69cbd14fea5a6d0111bfaa17a823cc1c3b4302fc5dd2762be0aa3a53986aa46015363b2752612a410752d15eaafd211eeb7936734e0cd7fd38213cedc0eec845302a004ead06829e11b88069c0470ffb5ed45df960ede2292b82b30eb71b7f958b6a4e187951a5297938fe7ccb2,1
G2	https://proseconsult.umontpellier.fr/direct/?data=5ac561a2326f3677ab1a9118f59438fd4f51f7d91eb3648604d628113e82760dbed8d89011b8db3f565a6eba3fb421d313f6c63370d69630c73e5d47e7b4caa205b671755e2e313accf1c0ae7bea9fe2ffaaa69cbd14fea5a6d0111bfaa17a823cc1c3b4302fc5dd2762be0aa3a53986aa46015363b2752612a410752d15eaafd211eeb7936734e0cd7fd38213cedc0eec845302a004ead06829e11b88069c0470ffb5ed45df960ede2292b82b30eb71f5f63c64469f19d3ae90f017019dad1d,1
G3	https://proseconsult.umontpellier.fr/direct/?data=5ac561a2326f3677ab1a9118f59438fd4f51f7d91eb3648604d628113e82760dbed8d89011b8db3f565a6eba3fb421d313f6c63370d69630c73e5d47e7b4caa205b671755e2e313accf1c0ae7bea9fe2ffaaa69cbd14fea5a6d0111bfaa17a823cc1c3b4302fc5dd2762be0aa3a53986aa46015363b2752612a410752d15eaafd211eeb7936734e0cd7fd38213cedc0eec845302a004ead06829e11b88069c0470ffb5ed45df960ede2292b82b30eb7199f8b54bea24fd5de7a1ccda46944f09,1
G4	https://proseconsult.umontpellier.fr/direct/?data=5ac561a2326f3677ab1a9118f59438fd4f51f7d91eb3648604d628113e82760dbed8d89011b8db3f565a6eba3fb421d313f6c63370d69630c73e5d47e7b4caa205b671755e2e313accf1c0ae7bea9fe2ffaaa69cbd14fea5a6d0111bfaa17a823cc1c3b4302fc5dd2762be0aa3a53986aa46015363b2752612a410752d15eaafd211eeb7936734e0cd7fd38213cedc0eec845302a004ead06829e11b88069c0470ffb5ed45df960ede2292b82b30eb71a726124b015519875892de640d85723e,1
G5	https://proseconsult.umontpellier.fr/direct/?data=5ac561a2326f3677ab1a9118f59438fd4f51f7d91eb3648604d628113e82760dbed8d89011b8db3f565a6eba3fb421d313f6c63370d69630c73e5d47e7b4caa205b671755e2e313accf1c0ae7bea9fe2ffaaa69cbd14fea5a6d0111bfaa17a823cc1c3b4302fc5dd2762be0aa3a53986aa46015363b2752612a410752d15eaafd211eeb7936734e0cd7fd38213cedc0eec845302a004ead06829e11b88069c0470ffb5ed45df960ede2292b82b30eb710de64c76a8112536a327e8475826c241,1